{
  "base": {
    "winrate": 0.45588235294117646,
    "sharpe": -0.5824501862504684,
    "sortino": -0.27753166197413165,
    "max_dd": -0.17360014934277745,
    "n_trades": 68
  },
  "adapter": {
    "winrate": 0.4225352112676056,
    "sharpe": -1.0733709894304513,
    "sortino": -0.5204422664714143,
    "max_dd": -0.2699603789728695,
    "n_trades": 71
  }
}