{
  "base": {
    "winrate": 0.44776119402985076,
    "sharpe": -0.780510666657134,
    "sortino": -0.4036263462116325,
    "max_dd": -0.18357189925970874,
    "n_trades": 67
  },
  "adapter": {
    "winrate": 0.45454545454545453,
    "sharpe": -0.8804936461360371,
    "sortino": -0.40039266739271745,
    "max_dd": -0.13819165490588214,
    "n_trades": 55
  }
}