{
  "base": {
    "winrate": 0.5084745762711864,
    "sharpe": 0.6033341865639442,
    "sortino": 0.36207103681093483,
    "max_dd": -0.06449470197428508,
    "n_trades": 59
  },
  "adapter": {
    "winrate": 0.5111111111111111,
    "sharpe": 0.5072846834660953,
    "sortino": 0.27151154318333226,
    "max_dd": -0.062058220352446236,
    "n_trades": 45
  }
}