{
  "base": {
    "winrate": 0.6142857142857143,
    "sharpe": 0.9638417562853226,
    "sortino": 0.5318337465451858,
    "max_dd": -0.06016694278484369,
    "n_trades": 70
  },
  "adapter": {
    "winrate": 0.6060606060606061,
    "sharpe": 1.3934682036575743,
    "sortino": 0.8103298944511999,
    "max_dd": -0.04625753670949795,
    "n_trades": 66
  }
}