{
  "base": {
    "winrate": 0.43137254901960786,
    "sharpe": -1.3589246295056459,
    "sortino": -0.5742506848287906,
    "max_dd": -0.378759094938802,
    "n_trades": 51
  },
  "adapter": {
    "winrate": 0.42105263157894735,
    "sharpe": -1.2313985940106533,
    "sortino": -0.54380433165264,
    "max_dd": -0.4539265068258532,
    "n_trades": 57
  }
}