{
  "N_days": 249,
  "MSE_price_Kronos": 2.5486098603970953,
  "MSE_price_Adapter": 2.047616978233961,
  "MSE_logret_Kronos": 0.0005430053577877758,
  "MSE_logret_Adapter": 0.0004309753868678221
}