{
  "N_days": 249,
  "MSE_price_Kronos": 3.1359906751731685,
  "MSE_price_Adapter": 2.6431927117143514,
  "MSE_logret_Kronos": 0.0007130741539477528,
  "MSE_logret_Adapter": 0.0005982290509337308
}